Date,Open,High,Low,Close,Adj Close,Volume
12-04-2018,1505,1575,1503.974976,1569.625,1408.547119,6114360
13-04-2018,1575,1620.400024,1566.050049,1576.650024,1414.850952,8179118
16-04-2018,1558,1599.974976,1555.375,1593.824951,1430.263306,6270274
17-04-2018,1593.824951,1597.474976,1573.599976,1583.300049,1420.818848,3301724
18-04-2018,1583,1596.724976,1572.925049,1579.550049,1417.453369,2433066
19-04-2018,1589.949951,1608.599976,1582.875,1595.574951,1431.833862,4820952
20-04-2018,1625,1711.175049,1620,1701.224976,1526.641479,18465662
23-04-2018,1712,1778.949951,1694.775024,1704.324951,1529.423828,15185910
24-04-2018,1705,1721.574951,1671.25,1692.824951,1519.103638,8314336
25-04-2018,1692.5,1741.5,1682.525024,1735.125,1557.062988,8196574
26-04-2018,1733.5,1780,1733.5,1769.625,1588.022949,12135034
27-04-2018,1762.5,1772,1710,1725.974976,1548.852051,4501330
30-04-2018,1725.974976,1774.5,1718.800049,1766.050049,1584.814331,3458558
02-05-2018,1765.25,1766.099976,1735.650024,1749.875,1570.299438,3158046
03-05-2018,1754.900024,1763,1735.199951,1740.925049,1562.268066,3761550
04-05-2018,1746,1748.5,1735,1740.375,1561.774414,2347244
07-05-2018,1745,1745,1705.449951,1710.474976,1534.942627,3484426
08-05-2018,1717.349976,1743.25,1698.349976,1720.599976,1544.028198,2992820
09-05-2018,1720.099976,1747.375,1720.099976,1744.650024,1565.610596,2615050
10-05-2018,1751.474976,1755.574951,1720.099976,1725.625,1548.53772,3858678
11-05-2018,1727.099976,1742.5,1721.25,1728.474976,1551.095215,2627876
14-05-2018,1728.5,1735.5,1705.400024,1716.775024,1540.595947,2433894
15-05-2018,1725,1747.900024,1716.849976,1741.199951,1562.514648,1952890
16-05-2018,1739.974976,1754.5,1737.625,1746.949951,1567.674438,1648450
17-05-2018,1756.474976,1766.574951,1738,1745.900024,1566.7323,2968048
18-05-2018,1740.400024,1758.849976,1729,1751.025024,1571.331177,1874996
21-05-2018,1764.349976,1796,1759.025024,1778.375,1595.874756,3446178
22-05-2018,1779,1787.474976,1746.849976,1754.449951,1574.404785,1857416
23-05-2018,1762.5,1772.5,1740.5,1747.550049,1568.213013,1507298
24-05-2018,1755,1807.5,1751.175049,1801.849976,1616.94043,2962316
25-05-2018,1812.5,1837.400024,1786.275024,1792.900024,1608.908936,3769772
28-05-2018,1808.25,1808.25,1743,1751.025024,1571.331177,3716798
29-05-2018,1764.949951,1772,1744,1761.75,1580.955688,3525312
30-05-2018,1754.525024,1766.5,1741.25,1757.050049,1576.738037,3779106
31-05-2018,1734,1759.050049,1726.099976,1741.050049,1575.380493,5049371
01-06-2018,1754,1757.5,1716.300049,1732.449951,1567.598877,1603856
04-06-2018,1745,1749,1712.599976,1744.25,1578.276123,1681483
05-06-2018,1744,1751.900024,1711.150024,1721.599976,1557.781006,2449568
06-06-2018,1723,1734.900024,1715.199951,1725.75,1561.536255,2236512
07-06-2018,1725,1749,1723.800049,1735.550049,1570.404053,2414762
08-06-2018,1735,1757.300049,1735,1747.099976,1580.855103,2582138
11-06-2018,1747.099976,1763,1743,1749.699951,1583.20752,2179378
12-06-2018,1757,1785,1753,1781,1611.529175,4608875
13-06-2018,1816,1831.650024,1798,1824.099976,1650.527954,5370983
14-06-2018,1830,1832.300049,1784,1787.550049,1617.456055,3819998
15-06-2018,1800,1847.099976,1788.599976,1840.050049,1664.960449,9183574
18-06-2018,1867.949951,1867.949951,1822.150024,1829,1654.961914,4674987
19-06-2018,1822.150024,1839,1821,1824.5,1650.889893,3245034
20-06-2018,1832,1836.300049,1818.599976,1822.449951,1649.035034,3107695
21-06-2018,1832,1832,1817.599976,1819.349976,1646.22998,2910659
22-06-2018,1827,1827,1799.550049,1809.800049,1637.588867,2949458
25-06-2018,1811.900024,1822.349976,1806,1819.25,1646.139404,2083217
26-06-2018,1823,1861,1821,1852,1675.773315,4679712
27-06-2018,1860,1885.150024,1851.25,1858,1681.202148,4081208
28-06-2018,1865,1871,1826.300049,1842.699951,1667.358032,4888125
29-06-2018,1844.900024,1867.400024,1842.300049,1847.75,1671.927612,3506276
02-07-2018,1852,1857.800049,1841.099976,1851.349976,1675.185059,2650290
03-07-2018,1859.949951,1879.900024,1857.050049,1874.050049,1695.725098,3242233
04-07-2018,1879.900024,1879.900024,1857.150024,1866.150024,1688.576782,2700614
05-07-2018,1873,1887.5,1862.099976,1880.300049,1701.380493,2472571
06-07-2018,1882.849976,1921,1881.650024,1912.949951,1730.923584,3713781
09-07-2018,1924,1924.400024,1876.5,1883,1703.822998,6151747
10-07-2018,1898,1898.900024,1870.75,1875.099976,1696.674927,5303302
11-07-2018,1900,1998,1894.150024,1979.900024,1791.503052,22903802
12-07-2018,1984,1990.900024,1960.5,1971.349976,1783.766479,6921701
13-07-2018,1975,1997.900024,1974,1981.099976,1792.588745,4148185
16-07-2018,1990,1996,1977.449951,1989.199951,1799.917725,2582159
17-07-2018,1989,2009,1981,2002.150024,1815.286133,3315492
18-07-2018,2005,2011.699951,1993.050049,2000.25,1813.563232,2013869
19-07-2018,2002.099976,2010.449951,1970,1981.400024,1796.472778,1746318
20-07-2018,1984.900024,2000,1984,1996.599976,1810.254028,1934995
23-07-2018,2001,2009.949951,1986,2005.650024,1818.459473,2086201
24-07-2018,2015,2015,1984.150024,1999,1812.430054,2038423
25-07-2018,2001.900024,2002,1968.400024,1981.5,1796.563232,1535492
26-07-2018,1974.949951,1985,1955.099976,1964.699951,1781.331299,3503036
27-07-2018,1960.849976,1964.650024,1940.300049,1943.75,1762.336548,2033977
30-07-2018,1943,1954.699951,1931.550049,1944.599976,1763.107178,1579251
31-07-2018,1942,1947,1928,1940.199951,1759.117798,2204803
01-08-2018,1949.949951,1981.550049,1949.800049,1976.5,1792.030273,2425180
02-08-2018,1980,1985,1945,1948.400024,1766.552734,1509287
03-08-2018,1956.5,1982.050049,1956.5,1979.449951,1794.704712,1505131
06-08-2018,1997,1998.949951,1972.25,1975.550049,1791.168701,1532249
07-08-2018,1978.199951,1979.150024,1960.5,1967.349976,1783.733887,1353521
08-08-2018,1972,1978.300049,1962,1974,1789.763428,1315062
09-08-2018,1980,1980.800049,1966,1974.349976,1790.080811,2060297
10-08-2018,1980.949951,1996.5,1972.050049,1993.099976,1807.080688,2784105
13-08-2018,1997.800049,2004.25,1990,2000.150024,1813.472778,3559575
14-08-2018,1992,2024.599976,1982.400024,2003.550049,1816.55542,3311765
16-08-2018,2000.300049,2020.050049,1995,2008.5,1821.043213,2152065
17-08-2018,2013.849976,2021.900024,2004,2012.75,1824.896973,1213731
20-08-2018,2024,2024,2003.699951,2009.949951,1822.35791,1587032
21-08-2018,2010.150024,2024,2004,2017.650024,1829.339478,1376866
23-08-2018,2022.800049,2038,2020.300049,2035.099976,1845.160889,3046791
24-08-2018,2035.099976,2046,2031,2043,1852.323486,1570533
27-08-2018,2043,2059,2035,2050.899902,1859.486084,1532702
28-08-2018,2055,2072,2052,2069.199951,1876.077759,1987983
29-08-2018,2072.5,2076.600098,2045.599976,2072,1878.617065,1525867
30-08-2018,2068,2085,2065.5,2082.399902,1888.045776,2408020
31-08-2018,2082.300049,2092,2074,2078.399902,1884.419434,2504554
03-09-2018,2084.800049,2090,2048.399902,2052.899902,1861.299316,1439711
04-09-2018,2059.800049,2104.75,2056.949951,2098.899902,1903.006348,4420803
05-09-2018,2100,2107.25,2075.050049,2079.25,1885.190186,1681106
06-09-2018,2075,2081.5,2060.300049,2075.300049,1881.608643,2238097
07-09-2018,2079.300049,2084,2065.399902,2079.850098,1885.734375,1312182
10-09-2018,2084.399902,2093.399902,2074.25,2080.75,1886.550049,1530539
11-09-2018,2089,2089,2042.199951,2046.25,1855.270264,3679745
12-09-2018,2052.350098,2068.899902,2040,2043.949951,1853.18457,2307661
14-09-2018,2044,2071.550049,2018.150024,2065.399902,1872.632813,3642038
17-09-2018,2070,2077.800049,2054.550049,2074.149902,1880.565918,1033857
18-09-2018,2073,2078.800049,2057.600098,2070.75,1877.483643,1456507
19-09-2018,2071.899902,2089,2066.850098,2077.899902,1883.966309,1301268
21-09-2018,2077,2121,2050.149902,2103.149902,1906.859741,4508530
24-09-2018,2115,2210.5,2098.149902,2198.449951,1993.265259,3032226
25-09-2018,2204.899902,2211.899902,2153.800049,2183.199951,1979.438354,2868778
26-09-2018,2187,2199,2135.100098,2142.149902,1942.219604,1970951
27-09-2018,2141.899902,2209.699951,2135.800049,2188.850098,1984.561401,3311802
28-09-2018,2178,2190,2158.850098,2183.699951,1979.891602,2904371
01-10-2018,2190.899902,2275.949951,2190.350098,2255.550049,2045.036011,3772208
03-10-2018,2250.300049,2255,2155.600098,2162.850098,1960.987549,3902322
04-10-2018,2156.600098,2156.649902,2056.350098,2064.800049,1872.088623,4762419
05-10-2018,2050,2120,2020.900024,2102.649902,1906.406006,3417624
08-10-2018,2102.649902,2122.199951,2048.149902,2077.550049,1883.649048,2010154
09-10-2018,2080.350098,2107.649902,2053.199951,2091.800049,1896.568726,1867130
10-10-2018,2100,2105.949951,2029,2043.599976,1852.867188,2749573
11-10-2018,1985,2013,1941,1979.949951,1795.158081,4700256
12-10-2018,1978,1978,1903,1918.300049,1739.262207,9373289
15-10-2018,1940,1955.550049,1920,1949.5,1767.549805,2638151
16-10-2018,1958,1971.900024,1935,1962.300049,1779.155396,2815425
17-10-2018,1970,1989,1920,1929.400024,1749.32605,2779207
19-10-2018,1929,1929,1870.050049,1913.199951,1734.638062,3428776
22-10-2018,1914,1916,1886.949951,1903,1725.389893,1778496
23-10-2018,1888,1898,1837,1843.650024,1675.10022,2752811
24-10-2018,1852.050049,1874,1811.099976,1848.5,1679.50647,2735913
25-10-2018,1844,1876.900024,1825.050049,1853,1683.595459,2507233
26-10-2018,1853.900024,1853.900024,1791.099976,1799.099976,1634.622681,2285970
29-10-2018,1808.699951,1877.949951,1784.349976,1871,1699.949707,2609483
30-10-2018,1867,1909.400024,1845,1894.800049,1721.573975,2404883
31-10-2018,1900,1943.900024,1875.449951,1938.150024,1760.960815,2769190
01-11-2018,1943.650024,1944.349976,1901.300049,1935.75,1758.780151,2769759
02-11-2018,1934.199951,1954.599976,1905,1913.449951,1738.518799,1818635
05-11-2018,1910,1927.349976,1884.75,1890.849976,1717.984985,1713366
06-11-2018,1894,1937.5,1891,1932.699951,1756.009033,1398710
07-11-2018,1940,1949,1937,1942.150024,1764.595215,144530
09-11-2018,1961,1961.949951,1905,1909.199951,1734.657227,2570479
12-11-2018,1908.5,1946.099976,1908.5,1914.849976,1739.791016,2552008
13-11-2018,1915,1939,1903,1934.949951,1758.053101,1418432
14-11-2018,1925,1929.900024,1870,1880.650024,1708.717163,2422318
15-11-2018,1864,1899,1857.599976,1872.849976,1701.630615,1829123
16-11-2018,1889,1899.800049,1870.25,1886.599976,1714.123657,1829729
19-11-2018,1899,1907.349976,1864.300049,1902.449951,1728.524536,1740628
20-11-2018,1902,1902,1874.199951,1878.25,1706.536865,1190182
21-11-2018,1871,1871.050049,1798.550049,1812,1646.34375,3840461
22-11-2018,1820,1847.599976,1809.949951,1812.550049,1646.843384,3194219
26-11-2018,1819,1860,1784.5,1846.099976,1677.325684,4333177
27-11-2018,1854,1897.900024,1835.349976,1890.25,1717.439941,3344839
28-11-2018,1889,1989,1882.5,1983.900024,1802.528198,5313249
29-11-2018,1997,1997,1942.550049,1960.550049,1781.312866,4035441
30-11-2018,1966,1991,1959.849976,1968.25,1788.308838,5268901
03-12-2018,1984,1990,1968.300049,1982.400024,1801.165405,1610576
04-12-2018,1983,2019.400024,1971,2010.849976,1827.014282,3270615
05-12-2018,2006,2018,1985,2006.75,1823.289307,2501539
06-12-2018,1998,2017,1979.599976,1992.699951,1810.52356,2321216
07-12-2018,1985.050049,2003.900024,1973,1995.199951,1812.795044,1680420
10-12-2018,1975,2011,1960,1975.800049,1795.168579,2010786
11-12-2018,1970,2010,1961,2000,1817.15625,2942014
12-12-2018,2001.099976,2022,1984.949951,2016.800049,1832.42041,2219993
13-12-2018,2024,2029.699951,1974.5,1982.599976,1801.346802,3748429
14-12-2018,1983,1998.949951,1975.25,1989.75,1807.843262,2473761
17-12-2018,1999,2004.900024,1985,1994.300049,1811.977417,1227921
18-12-2018,1991.900024,2002,1976.400024,1987.849976,1806.117065,1768742
19-12-2018,1984.800049,1984.800049,1960.050049,1968.449951,1788.490601,2498833
20-12-2018,1953.800049,1974.900024,1946,1954.050049,1775.406982,1940277
21-12-2018,1948,1950,1886.550049,1895.800049,1722.4823,3729956
24-12-2018,1905.800049,1938.900024,1905,1918.5,1743.106934,1864116
26-12-2018,1921.800049,1921.800049,1870.25,1889.199951,1716.485962,2446614
27-12-2018,1909,1941.699951,1872.099976,1908.949951,1734.430054,4968201
28-12-2018,1915,1920,1893,1896.050049,1722.709473,2239130
31-12-2018,1908,1909,1886.150024,1893.050049,1719.983887,1879740
01-01-2019,1896,1910,1885,1902.800049,1728.842529,1094883
02-01-2019,1905,1934.449951,1900,1923.300049,1747.468384,2100463
03-01-2019,1919,1944.949951,1893.099976,1899.949951,1726.25293,2611668
04-01-2019,1900,1901.199951,1841,1876.849976,1705.264648,4280862
07-01-2019,1891.800049,1908.800049,1881,1897.900024,1724.390503,1856423
08-01-2019,1905.400024,1906.400024,1883.300049,1893.550049,1720.438232,1691756
09-01-2019,1907.400024,1919,1866.699951,1886.949951,1714.441406,2414376
10-01-2019,1890,1905,1872.099976,1888.550049,1715.895142,3053461
11-01-2019,1870,1875,1835,1842.550049,1674.100708,9209862
14-01-2019,1850,1851,1810,1813.25,1647.479248,3615370
15-01-2019,1810,1869.349976,1808,1867.800049,1697.042236,7711653
16-01-2019,1870,1875,1847,1870.150024,1699.177368,2359280
17-01-2019,1878,1898,1871.300049,1894.300049,1724.808716,2625816
18-01-2019,1881,1904.199951,1876,1900.650024,1730.590576,1683728
21-01-2019,1902,1932,1895.449951,1908.699951,1737.920044,2409803
22-01-2019,1907.099976,1918.25,1890,1901.900024,1731.72876,2457093
23-01-2019,1901,1906.099976,1870,1875.599976,1707.781982,2578169
24-01-2019,1884.800049,1905.25,1875,1901.550049,1731.410156,1962927
25-01-2019,1902,1935,1901,1920.800049,1748.937744,2327080
28-01-2019,1933,1962,1925.5,1955,1780.077759,2769033
29-01-2019,1962,1989.050049,1936.650024,1982.75,1805.344727,2557626
30-01-2019,1979.599976,1989.5,1954.650024,1981.400024,1804.115479,2429575
31-01-2019,1987,2019.75,1985,2014.099976,1833.889648,4094319
01-02-2019,2009.5,2034.75,1998.099976,2029.949951,1848.321533,3064163
04-02-2019,2029.949951,2055.449951,2023,2050.25,1866.805176,1590764
05-02-2019,2050,2055,2028,2044.550049,1861.61499,1111404
06-02-2019,2049.899902,2086.850098,2041.050049,2074.800049,1889.158569,1789812
07-02-2019,2074.75,2097.949951,2067,2082.899902,1896.533936,1339945
08-02-2019,2075,2089.5,2051,2061.399902,1876.957153,1684474
11-02-2019,2060,2096,2048.899902,2065.899902,1881.054932,1778730
12-02-2019,2070,2070,2018,2051.600098,1868.034424,2422903
14-02-2019,2060.050049,2075,2033.050049,2044.599976,1861.660645,1724085
15-02-2019,2049,2052,2010.949951,2029.699951,1848.09375,1930065
18-02-2019,2037.599976,2041.949951,1962.650024,1970.300049,1794.008789,2942184
19-02-2019,1970,1971,1892,1904.800049,1734.369385,4408554
20-02-2019,1915,1933.800049,1881.300049,1914.75,1743.428955,4645778
21-02-2019,1914.75,1940,1897.050049,1914.199951,1742.928101,4683919
22-02-2019,1917.199951,1930,1905.099976,1925.650024,1753.353516,2271955
25-02-2019,1932.5,1990,1930.5,1985.150024,1807.530151,2934880
26-02-2019,1984,2045.150024,1972.25,2038.699951,1856.288452,6453309
27-02-2019,2040,2074.949951,2022,2058.100098,1873.952881,4732082
28-02-2019,2060,2071.350098,1977.599976,1983.449951,1805.981934,8454295
01-03-2019,1995.050049,2005,1980.349976,1995.400024,1816.862671,4148548
05-03-2019,2005,2007,1976.599976,1988.099976,1810.216064,2449622
06-03-2019,1989.300049,2015,1985.050049,1999.599976,1820.68689,2635047
07-03-2019,2005,2024.050049,2000.199951,2013.300049,1833.161255,2539884
08-03-2019,2025,2033,2010.050049,2022.699951,1841.720093,2031071
11-03-2019,2028.900024,2033,2003.650024,2014.800049,1834.526978,3111689
12-03-2019,2014.050049,2024.800049,2003,2012.449951,1832.387329,2658550
13-03-2019,2013,2015.900024,1978.599976,2000.5,1821.50647,1833163
14-03-2019,2004.949951,2007.800049,1981,1987.400024,1809.578613,1905495
15-03-2019,1998.900024,2068.949951,1991,2039.949951,1857.42688,5184318
18-03-2019,2043,2064.600098,2011,2022.800049,1841.811279,2349915
19-03-2019,2030,2030,1995.099976,2022.800049,1841.811279,2373993
20-03-2019,2028,2044.800049,2000,2015.050049,1834.754761,3091165
22-03-2019,2015,2016,1983.300049,2005.650024,1826.195801,3148149
25-03-2019,2007.800049,2007.800049,1977.199951,1984.25,1806.710693,2429205
26-03-2019,1984,1994.949951,1958.050049,1982.650024,1805.25354,2316539
27-03-2019,1994,1998,1961,1967.900024,1791.823364,2266166
28-03-2019,1980,2014.599976,1972.800049,2000.300049,1821.324463,4054489
01-04-2019,2010,2039.949951,2008.25,2031.650024,1849.869385,2095740
02-04-2019,2037.099976,2086,2037,2079.300049,1893.255859,3719663
03-04-2019,2085,2089.600098,2058.100098,2079.300049,1893.255859,2939886
04-04-2019,2078.149902,2079.699951,2007.400024,2014.5,1834.253906,4397518
05-04-2019,2028.650024,2054.399902,2018.800049,2048.300049,1865.029785,3152103
08-04-2019,2059,2075,2032.699951,2070.75,1885.470947,2194294
09-04-2019,2070,2098,2057.649902,2091.5,1904.36438,2690970
10-04-2019,2083,2085.5,2036,2040.25,1857.699829,3313062
11-04-2019,2045,2055,2013.650024,2019.5,1838.806641,3422442
12-04-2019,2038,2039,2007,2014.5,1834.253906,3198471
15-04-2019,2070,2119.800049,2041,2113.300049,1924.213867,9189201
16-04-2019,2120,2155.949951,2115.550049,2131.800049,1941.058472,5771952
18-04-2019,2149.899902,2155,2114.199951,2150.050049,1957.675659,3413728
22-04-2019,2148,2176,2145.600098,2161.449951,1968.055664,2007135
23-04-2019,2163,2165.5,2134.050049,2155.050049,1962.228394,2163524
24-04-2019,2158,2195,2156.100098,2183.449951,1988.08728,3003071
25-04-2019,2175,2205,2168.050049,2195,1998.60376,4211526
26-04-2019,2203,2243.949951,2193.149902,2238.550049,2038.257202,2716958
30-04-2019,2238.550049,2266.949951,2230.100098,2260.350098,2058.106689,3488395
02-05-2019,2255,2259.399902,2211.100098,2215.399902,2017.178467,2457699
03-05-2019,2185,2186.050049,2125,2132,1941.240479,3780886
06-05-2019,2110,2165,2108.5,2157.850098,1964.777832,2891422
07-05-2019,2160.050049,2184.350098,2138.800049,2151.949951,1959.405518,2201698
08-05-2019,2151,2168,2130.399902,2152.850098,1960.225098,1824895
09-05-2019,2145,2184.100098,2136.100098,2172.550049,1978.16272,2264162
10-05-2019,2175,2192,2125.850098,2135.800049,1944.700806,2039633
13-05-2019,2133,2167,2121.649902,2128.75,1938.28125,1701744
14-05-2019,2135,2159.800049,2072.350098,2092.350098,1905.138184,2456110
15-05-2019,2097,2124,2084.5,2095.399902,1907.915771,2346876
16-05-2019,2096,2124,2077.050049,2108.75,1920.071045,1946529
17-05-2019,2112.600098,2135,2090,2095.449951,1907.960938,1947908
20-05-2019,2125,2151.399902,2050,2143.949951,1952.121216,2625116
21-05-2019,2148.050049,2148.699951,2102.550049,2109.75,1920.981567,1863157
22-05-2019,2110,2121.949951,2075,2081.75,1895.48645,2595795
23-05-2019,2098,2115.350098,2050,2054.050049,1870.265137,2541294
24-05-2019,2070,2070,2032.25,2048,1864.756348,2274208
27-05-2019,2054.800049,2068.949951,2040.099976,2055.149902,1871.266235,2329820
28-05-2019,2060,2097.5,2045,2073.75,1888.202881,5872979
29-05-2019,2080,2123.699951,2077.100098,2107.550049,1918.978149,3281320
30-05-2019,2123,2156.550049,2114.399902,2146.300049,1954.26123,4971725
31-05-2019,2160,2204.949951,2152.25,2196.550049,2000.015015,4265370
03-06-2019,2201,2247.649902,2185.649902,2242.300049,2041.671631,3682419
04-06-2019,2224,2224,2175,2183.100098,2003.854736,2408658
06-06-2019,2199,2199,2152,2166.100098,1988.250366,3735467
07-06-2019,2174,2189.800049,2142.100098,2181.75,2002.61499,2659446
10-06-2019,2196.699951,2235.850098,2185.5,2231.5,2048.280273,2080593
11-06-2019,2237,2263.949951,2231,2252.800049,2067.831543,3048937
12-06-2019,2245,2266.899902,2219,2260.899902,2075.266113,2404448
13-06-2019,2264,2285,2243.050049,2254.100098,2069.024902,3320916
14-06-2019,2257.25,2263.100098,2234,2254.5,2069.39209,2131408
17-06-2019,2256,2262,2241.449951,2249.199951,2064.527588,1489497
18-06-2019,2244,2260,2231.199951,2250.850098,2066.042236,1877447
19-06-2019,2255,2276,2243.149902,2259.899902,2074.348877,1652817
20-06-2019,2230,2284,2212,2277.949951,2090.91626,2199377
21-06-2019,2285,2292.5,2242,2249.850098,2065.123779,3871804
24-06-2019,2254.149902,2280,2250.800049,2275.5,2088.667725,1382424
25-06-2019,2270,2274.449951,2250.5,2267.800049,2081.599854,1386077
26-06-2019,2265,2266.800049,2250,2254.199951,2069.117188,1762224
27-06-2019,2255,2264,2241.300049,2252.550049,2067.602051,2813464
28-06-2019,2260,2261.949951,2222.5,2227.199951,2044.333374,2372928
01-07-2019,2235,2255,2206.600098,2239.550049,2055.669678,2769940
02-07-2019,2244.899902,2257,2216.449951,2252.100098,2067.189453,1771746
03-07-2019,2252.199951,2258.800049,2232,2237.649902,2053.925537,1656881
04-07-2019,2234,2252,2230.100098,2242.649902,2058.514893,984140
05-07-2019,2247,2250,2140,2163.100098,1985.496216,4088470
08-07-2019,2149,2188.800049,2132.100098,2175.399902,1996.786499,2788062
09-07-2019,2174,2174.399902,2104.550049,2133.350098,1958.189453,3977224
10-07-2019,2080,2127.850098,2071.300049,2108.199951,1935.104004,6343581
11-07-2019,2128,2129,2086.050049,2102.550049,1929.918213,2400346
12-07-2019,2102.100098,2119.75,2093.100098,2107.600098,1934.553589,1560725
15-07-2019,2125,2153.600098,2098,2145.699951,1969.525024,2900415
16-07-2019,2126,2132.5,2100,2106,1937.599976,2735399
17-07-2019,2108,2125,2092.100098,2117.25,1947.950439,1802969
18-07-2019,2116.199951,2116.199951,2060,2065.949951,1900.752319,3072096
19-07-2019,2077,2097,2062.5,2076.949951,1910.872681,1953177
22-07-2019,2077,2117.449951,2068.800049,2109.899902,1941.18811,1920167
23-07-2019,2127.899902,2130,2102.399902,2112.449951,1943.53418,3538588
24-07-2019,2110,2120.800049,2076.5,2096.800049,1929.135498,2413196
25-07-2019,2108.899902,2135,2092.550049,2127.899902,1957.748535,2544464
26-07-2019,2129.800049,2129.800049,2095,2109.050049,1940.406372,1720592
29-07-2019,2110.800049,2142,2103.300049,2130,1959.680786,1647090
30-07-2019,2130,2185,2120.449951,2179.149902,2004.900879,2851672
31-07-2019,2171.75,2211.699951,2147.149902,2205.699951,2029.327637,3000677
01-08-2019,2200,2217.5,2166.25,2180.050049,2005.728516,2375236
02-08-2019,2173,2210,2165.5,2205.300049,2028.959839,2500816
05-08-2019,2199.899902,2252.25,2195.600098,2248.600098,2068.797119,3039682
06-08-2019,2232.800049,2251.949951,2211.449951,2214.899902,2037.79187,2885467
07-08-2019,2230,2238.5,2207.25,2213.449951,2036.457642,2165362
08-08-2019,2228.899902,2281,2218.899902,2258.100098,2077.537842,2073298
09-08-2019,2260,2267.899902,2241.350098,2246.25,2066.635498,1744550
13-08-2019,2245,2246.25,2194.300049,2199.449951,2023.577515,1647281
14-08-2019,2181.100098,2217.850098,2167.399902,2204.399902,2028.131348,1945002
16-08-2019,2241.399902,2241.399902,2143.25,2165.100098,1991.974243,3755507
19-08-2019,2180,2186,2157.699951,2163,1990.04187,974884
20-08-2019,2172,2205,2166.5,2186.75,2011.892944,1843611
21-08-2019,2184.949951,2202,2182.25,2186.199951,2011.386719,1214408
22-08-2019,2187,2235.649902,2170,2216,2038.804321,2131601
23-08-2019,2214.949951,2259.899902,2213.899902,2247.699951,2067.969482,2826425
26-08-2019,2247,2282,2225,2276.300049,2094.282227,2345475
27-08-2019,2270,2274.850098,2229,2236.5,2057.664307,3432106
28-08-2019,2240,2252.149902,2216,2239.25,2060.195068,1294621
29-08-2019,2222.199951,2248.199951,2222.199951,2233.449951,2054.858398,1670652
30-08-2019,2241,2266,2218,2259.600098,2078.917725,2583625
03-09-2019,2270,2296.199951,2236.949951,2251.600098,2071.557373,2545060
04-09-2019,2265,2270,2233,2245.399902,2065.853027,2228092
05-09-2019,2242.199951,2253.649902,2207.300049,2215.300049,2038.160156,2055943
06-09-2019,2216,2233.5,2192.600098,2197.5,2021.783203,1890550
09-09-2019,2200,2202.850098,2179.800049,2182.850098,2008.304443,1703945
11-09-2019,2186,2195,2146.550049,2154,1981.761719,2627440
12-09-2019,2155,2165,2120.350098,2133.600098,1962.992798,2118859
13-09-2019,2135,2157.949951,2115.550049,2141.949951,1970.674927,2291174
16-09-2019,2159.949951,2173.399902,2126.399902,2150,1978.081543,2597948
17-09-2019,2154.949951,2156.550049,2105.600098,2122.649902,1952.918457,2796530
18-09-2019,2126.399902,2142.949951,2113.149902,2138.550049,1967.547119,1454663
19-09-2019,2135,2135.800049,2091,2101.949951,1933.873901,1652691
20-09-2019,2104.899902,2129.399902,2057,2065.449951,1900.291992,6941979
23-09-2019,2099,2099,1975,2015.800049,1854.612549,6323401
24-09-2019,2015,2061,2013,2044.699951,1881.20166,4620978
25-09-2019,2065,2092,2060.050049,2088.449951,1921.453003,4002232
26-09-2019,2097.899902,2107,2063,2087.600098,1920.671265,4234281
27-09-2019,2085,2085.199951,2051.399902,2056.149902,1891.735962,2046795
30-09-2019,2061.850098,2104,2060,2099.300049,1931.435791,2620039
01-10-2019,2095.949951,2095.949951,2039.699951,2059.949951,1895.232178,3342877
03-10-2019,2070,2081.149902,2046.150024,2060.25,1895.508057,2317618
04-10-2019,2060.600098,2087.949951,2054.949951,2079.350098,1913.081055,2163251
07-10-2019,2080,2094.5,2041,2047.699951,1883.961426,2177916
09-10-2019,2060,2060,2015.5,2020.099976,1858.568604,2066920
10-10-2019,2028,2039.050049,1997.099976,2004.449951,1844.1698,2881452
11-10-2019,1931,1995,1925,1986.849976,1827.977173,12593069
14-10-2019,1995,2032.75,1968,2021,1859.396729,3510704
15-10-2019,2032,2047,2022.699951,2037.300049,1874.393433,2261310
16-10-2019,2038,2056,2016,2046.400024,1882.765625,3034082
17-10-2019,2014,2038,1999.300049,2030.949951,1905.802734,3818774
18-10-2019,2037.5,2063.899902,2025,2057.350098,1930.57605,3087901
22-10-2019,2080,2111.5,2040.050049,2051.399902,1924.992676,5552505
23-10-2019,2060,2083.850098,2052.5,2070.100098,1942.540649,2348134
24-10-2019,2084,2099,2061.300049,2082,1953.707153,2798671
25-10-2019,2094,2130,2075.050049,2124.949951,1994.010376,3954245
27-10-2019,2129,2129,2108.800049,2115.699951,1985.330566,224405
29-10-2019,2121.5,2201.699951,2121.5,2194.850098,2059.603516,5064173
30-10-2019,2225,2260,2176.850098,2252.800049,2113.982422,5195136
31-10-2019,2250,2284.949951,2237,2269.649902,2129.793457,4879261
01-11-2019,2264,2275,2195,2200.899902,2065.280762,4172620
04-11-2019,2207,2229.199951,2180.899902,2193.949951,2058.758301,2646411
05-11-2019,2197,2211,2169,2201.850098,2066.171631,2693475
06-11-2019,2200,2210.800049,2179,2188.5,2053.644531,2540719
07-11-2019,2204.5,2204.5,2175.199951,2185.350098,2050.688721,1915598
08-11-2019,2189.600098,2189.600098,2124,2129.949951,1998.702637,2788759
11-11-2019,2135,2139,2091,2100.949951,1971.489258,2983768
13-11-2019,2118,2183.800049,2118,2178.600098,2044.355103,3823365
14-11-2019,2187.5,2200,2146.699951,2196.800049,2061.433105,2995915
15-11-2019,2196,2211.5,2168.75,2174.449951,2040.460327,2724180
18-11-2019,2178.399902,2187.75,2148.75,2152.600098,2019.956909,1611089
19-11-2019,2153,2154.649902,2105,2108.800049,1978.855713,2975313
20-11-2019,2121.949951,2135,2094.5,2108.550049,1978.62146,2894129
21-11-2019,2112,2126.600098,2107.399902,2118.100098,1987.582886,2052574
22-11-2019,2097,2107,2060.5,2071.699951,1944.041626,3742049
25-11-2019,2074.550049,2084.949951,2052.199951,2081.5,1953.238037,2737010
26-11-2019,2089.850098,2097.899902,2035.050049,2046.650024,1920.535278,6561580
27-11-2019,2052,2071.699951,2046.550049,2054.300049,1927.714111,2907521
28-11-2019,2067.050049,2094.399902,2060,2077.350098,1949.343872,2924429
29-11-2019,2085,2085,2045.800049,2053.25,1926.72876,2064271
02-12-2019,2060,2067.699951,2016,2021.050049,1896.513184,3809860
03-12-2019,2027.699951,2062,2010,2051,1924.617188,4664774
04-12-2019,2053,2082,2045.5,2078.5,1950.422974,3334301
05-12-2019,2083,2126.800049,2068.350098,2121.300049,1990.585571,3902721
06-12-2019,2124,2128,2101,2123.600098,1992.743774,1829461
09-12-2019,2127.949951,2127.949951,2053.5,2060.449951,1933.484741,2244747
10-12-2019,2060,2060.850098,2003.25,2012.849976,1888.817993,4520045
11-12-2019,2025.400024,2048,2006.75,2041.900024,1916.078125,4943024
12-12-2019,2051.100098,2083.649902,1984,2020.900024,1896.37207,7137306
13-12-2019,2023,2077.399902,2007,2071.25,1943.619385,5711133
16-12-2019,2096,2136,2080.300049,2126.75,1995.699341,5574177
17-12-2019,2126.5,2169,2119,2164.949951,2031.545898,6059673
18-12-2019,2174,2203.449951,2153,2167.75,2034.173096,8251081
19-12-2019,2179.800049,2236.5,2167.550049,2229.050049,2091.695801,6251505
20-12-2019,2220,2246.699951,2208.25,2222.899902,2085.925049,5548338
23-12-2019,2210,2241.949951,2210,2231.699951,2094.182617,2247329
24-12-2019,2239,2243.550049,2211.149902,2215.600098,2079.074707,1805896
26-12-2019,2216.399902,2229,2195.199951,2201.949951,2066.265381,1880367
27-12-2019,2208,2226.399902,2176,2198.5,2063.028564,2720261
30-12-2019,2207,2225,2177.100098,2183.199951,2048.670898,2288830
31-12-2019,2189,2197,2157.449951,2161.699951,2028.49585,1909289
01-01-2020,2168,2183.899902,2154,2167.600098,2034.032471,1354908
02-01-2020,2179.949951,2179.949951,2149.199951,2157.649902,2024.69519,2380752
03-01-2020,2164,2223,2164,2200.649902,2065.045898,4655761
06-01-2020,2205,2225.949951,2187.899902,2200.449951,2064.858398,3023209
07-01-2020,2200.5,2214.649902,2183.800049,2205.850098,2069.925781,2429317
08-01-2020,2205,2260,2202.050049,2255.25,2116.281494,5197454
09-01-2020,2248.75,2251.949951,2210,2214.350098,2077.901611,3734173
10-01-2020,2228,2234,2208,2213.550049,2077.150879,1915807
13-01-2020,2217.850098,2218.949951,2184.699951,2190.350098,2055.380859,2843893
14-01-2020,2195,2229.800049,2195,2206.899902,2070.910645,2948452
15-01-2020,2213,2231,2194.199951,2226.899902,2089.677979,2620681
16-01-2020,2226.949951,2249,2215,2238.800049,2100.845215,3117214
17-01-2020,2240.75,2253.550049,2213,2219.100098,2082.359131,3281059
20-01-2020,2194.899902,2242.199951,2156.199951,2170.350098,2036.612793,5817599
21-01-2020,2169.949951,2186.550049,2158.050049,2171.050049,2037.270142,1902980
22-01-2020,2181,2210,2173.699951,2206.899902,2070.910645,1773686
23-01-2020,2209.800049,2217.75,2183.699951,2190.949951,2060.612305,2069866
24-01-2020,2190.949951,2190.949951,2170,2183.399902,2053.511475,1319430
27-01-2020,2189.699951,2193.449951,2165,2169.25,2040.203125,1549101
28-01-2020,2174,2187.800049,2152,2183.75,2053.840576,1743024
29-01-2020,2185,2186.949951,2150,2154.600098,2026.424683,2306761
30-01-2020,2160,2165,2125,2137.850098,2010.670898,2098567
31-01-2020,2139.399902,2144.350098,2071.600098,2079.050049,1955.369141,3287223
03-02-2020,2152,2194.699951,2093.199951,2102.5,1977.424194,4728073
04-02-2020,2129,2136.699951,2086.600098,2107.75,1982.36145,3509339
05-02-2020,2115,2156.699951,2104.300049,2146.550049,2018.853394,2439322
06-02-2020,2145,2174.199951,2115.5,2128.350098,2001.736206,2640065
07-02-2020,2139,2151,2119,2136.550049,2009.448608,2083442
10-02-2020,2140.899902,2167,2119,2161.949951,2033.337158,2383032
11-02-2020,2163,2174.800049,2147.600098,2153.399902,2025.296021,1335820
12-02-2020,2151.100098,2185,2150,2170.75,2041.61377,1620407
13-02-2020,2172.949951,2197,2171,2191.949951,2061.552734,1645948
14-02-2020,2188,2212,2171,2184.199951,2054.263672,1500115
17-02-2020,2196.949951,2217,2190.199951,2203.25,2072.180664,1774724
18-02-2020,2199.949951,2221,2186.050049,2215.75,2083.936768,2486223
19-02-2020,2215.75,2230,2190.5,2196.350098,2065.69043,1760463
20-02-2020,2204.5,2214.399902,2151.25,2156.800049,2028.493652,2317278
24-02-2020,2156,2178.949951,2106.699951,2115.350098,1989.509644,3092877
25-02-2020,2115.5,2176.649902,2111,2156.149902,2027.882446,2674567
26-02-2020,2154,2163.899902,2112.949951,2123.600098,1997.268921,2686842
27-02-2020,2119.949951,2119.949951,2086.199951,2105.5,1980.245361,2349001
28-02-2020,2068,2069.5,1990,2000.150024,1881.162842,4298076
02-03-2020,2035,2053.949951,1985.699951,2001.300049,1882.244385,2667076
03-03-2020,2020,2060,2012,2036.199951,1915.067993,2757585
04-03-2020,2056,2094.449951,2025,2083.199951,1959.272095,3237002
05-03-2020,2085.699951,2147.75,2084.050049,2125.050049,1998.632446,3937056
06-03-2020,2098,2123.649902,2071.600098,2116.449951,1990.544189,2595027
09-03-2020,2075,2079.899902,1935,1972.349976,1855.016479,4940975
11-03-2020,1933,1987.300049,1920,1953.699951,1837.47583,6796449
12-03-2020,1904,1908.400024,1758.349976,1769.849976,1664.56311,8728786
13-03-2020,1687.900024,1820,1506.050049,1806.300049,1698.844727,8029720
16-03-2020,1755,1842.25,1675.849976,1696.400024,1595.482544,7844271
17-03-2020,1730,1731,1623.150024,1658,1559.366943,5713248
18-03-2020,1676.800049,1713.550049,1627.75,1654.400024,1555.981079,7258778
19-03-2020,1559.699951,1685.449951,1546.75,1636.349976,1550.249268,5135111
20-03-2020,1630,1869,1627,1797.449951,1702.872803,8547498
23-03-2020,1620,1750,1617.75,1669.699951,1581.844849,7003490
24-03-2020,1653.050049,1770,1632.849976,1703.150024,1613.53479,6350865
25-03-2020,1700,1810,1680,1750.300049,1658.203735,2765520
26-03-2020,1831.599976,1832.050049,1722.550049,1790.949951,1696.714844,4556067
27-03-2020,1820,1850,1750.400024,1824.5,1728.49939,4331250
30-03-2020,1766,1905,1763.550049,1778.5,1684.919922,8513547
31-03-2020,1837.400024,1855,1780,1826.099976,1730.015259,3927593
01-04-2020,1825.900024,1834.75,1702,1708.75,1618.839966,4941878
03-04-2020,1740,1740,1650,1654.199951,1567.160278,5735369
07-04-2020,1710,1785.849976,1705,1775.199951,1681.793579,5427577
08-04-2020,1760,1806,1701,1705.449951,1615.713623,6285615
09-04-2020,1750.449951,1778.800049,1731.199951,1766.150024,1673.219604,5307397
13-04-2020,1761,1787,1746,1759.25,1666.682861,2990438
15-04-2020,1785,1812,1727.800049,1735.150024,1643.850708,4761399
16-04-2020,1709.949951,1764.900024,1675.050049,1716.050049,1625.755981,6245533
17-04-2020,1800,1851.949951,1753,1806.199951,1711.162354,9895823
20-04-2020,1830,1830,1802.5,1818.650024,1722.957397,3244282
21-04-2020,1765,1794.599976,1727.699951,1737.650024,1646.21936,5122541
22-04-2020,1737.650024,1790,1719.150024,1769.5,1676.393311,3829836
23-04-2020,1780,1900,1760.849976,1878.25,1779.421265,5934366
24-04-2020,1840.699951,1851.949951,1807.800049,1818.550049,1722.862427,2987102
27-04-2020,1832.300049,1875,1825,1836.599976,1739.962769,3374741
28-04-2020,1865,1868,1832.599976,1859.050049,1761.231567,2678505
29-04-2020,1874,1912.550049,1850.050049,1905.650024,1805.379517,4241510
30-04-2020,1980,2032,1942.199951,2014.449951,1908.454712,5915544
04-05-2020,1966,1966,1913.650024,1930.449951,1828.874756,3729348
05-05-2020,1955.099976,1977,1927,1932.75,1831.053589,2905528
06-05-2020,1939.800049,1953.699951,1893.599976,1903.599976,1803.437622,3517431
07-05-2020,1910,1934.449951,1883.349976,1891.650024,1792.116333,3166754
08-05-2020,1939.099976,1939.5,1886.25,1893.400024,1793.774048,2686530
11-05-2020,1909,1951.400024,1909,1935.300049,1833.46936,2449841
12-05-2020,1933.400024,1956.5,1910.25,1949.5,1846.922119,3256595
13-05-2020,1994,1994,1925.650024,1949.650024,1847.064453,2656665
14-05-2020,1910,1923.099976,1891.099976,1902.349976,1802.253174,2263146
15-05-2020,1916,1917.400024,1865.199951,1892.900024,1793.300415,3173682
18-05-2020,1907,1952.949951,1872.099976,1945.599976,1843.227417,3727694
19-05-2020,1903,1966.449951,1903,1948.650024,1846.117188,3198693
20-05-2020,1950,1962.900024,1931.699951,1953.599976,1850.806519,2778505
21-05-2020,1946,1998,1941.150024,1991.199951,1886.428223,3400908
22-05-2020,1977.099976,2032,1961.25,2020.349976,1914.044434,3663418
26-05-2020,2015,2024,1925,1943,1840.76416,4575317
27-05-2020,1959,2010,1941.25,2005.300049,1899.786377,3482160
28-05-2020,1988.5,2014,1971.300049,2004.300049,1898.838989,3475681
29-05-2020,1982,2002.650024,1962.400024,1972.349976,1868.570068,7237735
01-06-2020,1990,2060,1981.099976,2045.25,1937.634033,3747773
02-06-2020,2060.199951,2081,2040.050049,2047.150024,1939.434082,2443886
03-06-2020,2051.850098,2063.75,2020,2046.150024,1944.185181,3699799
04-06-2020,2046.75,2100,2046.75,2091.550049,1987.322998,4048593
05-06-2020,2091.600098,2098,2040.300049,2048.25,1946.180298,3573289
08-06-2020,2078.25,2095,2062.100098,2071.75,1968.509521,2957841
09-06-2020,2063.100098,2095.5,2060.25,2072.050049,1968.794434,2909439
10-06-2020,2077.050049,2132,2073.5,2108.75,2003.665527,5168397
11-06-2020,2100,2105,2061.800049,2067.649902,1964.613403,2269513
12-06-2020,2011.199951,2049.199951,2011,2039.5,1937.866333,2842642
15-06-2020,2039.099976,2059,2000.949951,2029.900024,1928.744751,2399022
16-06-2020,2065,2073.949951,2031,2045.800049,1943.852539,2146528
17-06-2020,2046,2058.850098,2026.550049,2047.800049,1945.75293,2703527
18-06-2020,2045,2059.199951,2025.199951,2038.099976,1936.536011,1944389
19-06-2020,2042,2090,2032,2044.599976,1942.71228,5681758
22-06-2020,2050,2052.25,2019.150024,2027.949951,1926.891968,3196138
23-06-2020,2027,2044,2010,2035.300049,1933.875732,4205944
24-06-2020,2034,2064.25,2031.599976,2042.199951,1940.431763,2560937
25-06-2020,2035,2060,2009.25,2016.099976,1915.632568,3043931
26-06-2020,2025,2132,2019.949951,2118.850098,2013.262085,6300722
29-06-2020,2108,2127.600098,2091.300049,2101.649902,1996.919312,3076341
30-06-2020,2100,2111.899902,2075.050049,2082.149902,1978.391235,3071725
01-07-2020,2079.699951,2113.949951,2079.5,2092.050049,1987.797729,2503466
02-07-2020,2102,2165,2098,2157.149902,2049.65332,3758699
03-07-2020,2163.649902,2205,2160.25,2199.649902,2090.035889,4185208
06-07-2020,2205,2269.899902,2205,2263.199951,2150.418701,5190366
07-07-2020,2275,2302.699951,2232.149902,2269.899902,2156.785156,5630055
08-07-2020,2270,2274.399902,2207.600098,2218.899902,2108.32666,2793358
09-07-2020,2229,2244.5,2191.050049,2204.350098,2094.501709,3443998
10-07-2020,2205.25,2249.850098,2176,2222.350098,2111.604736,9610320
13-07-2020,2220,2244.949951,2210,2220,2109.371582,2963503
14-07-2020,2210,2239,2165,2171.949951,2063.716064,2976738
15-07-2020,2185,2260,2181.100098,2233.899902,2122.578857,5569321
16-07-2020,2244,2333,2220.100098,2234.75,2128.149902,8582118
17-07-2020,2237,2243.899902,2190.050049,2200.75,2095.771729,4509135
20-07-2020,2201,2226.899902,2190.800049,2207.899902,2102.580322,2952646
21-07-2020,2230,2238.649902,2201.149902,2225.050049,2118.912354,2665286
22-07-2020,2231,2231,2184.199951,2190.949951,2086.438721,2861534
23-07-2020,2190.949951,2190.949951,2163,2171.199951,2067.631104,2265766
24-07-2020,2154.5,2163,2125.100098,2157.399902,2054.489502,3665100
27-07-2020,2165,2215,2163.5,2206.800049,2101.533203,4248480
28-07-2020,2215,2320,2215,2309.75,2199.572266,8092319
29-07-2020,2292,2342,2246.050049,2276.050049,2167.480225,6090431
30-07-2020,2285.899902,2358,2272.25,2279.5,2170.765137,7098496
31-07-2020,2303.149902,2334.800049,2257.449951,2281.399902,2172.574219,4723290
03-08-2020,2290.449951,2303.850098,2230.699951,2254.149902,2146.624023,4012337
04-08-2020,2259.949951,2269.649902,2225.050049,2249.699951,2142.386719,2927928
05-08-2020,2260,2300,2253,2259.5,2151.719482,3800641
06-08-2020,2275,2319.5,2265.350098,2308.100098,2198.001221,4748047
07-08-2020,2308,2328,2287,2295.350098,2185.859375,3165491
10-08-2020,2318,2325,2276.050049,2282.800049,2173.907471,2929353
11-08-2020,2283,2312,2275.600098,2279.899902,2171.145996,2774423
12-08-2020,2288.350098,2296.399902,2246.550049,2257.350098,2149.671631,3415751
13-08-2020,2273,2300,2250.5,2254.449951,2146.909912,2695682
14-08-2020,2277,2281.300049,2233.100098,2242.149902,2135.196777,2270405
17-08-2020,2263,2270,2238.25,2253.399902,2145.909912,2625630
18-08-2020,2262.800049,2289,2248.300049,2269.75,2161.480225,3493374
19-08-2020,2276.350098,2284.600098,2252.5,2256.600098,2148.958008,2843005
20-08-2020,2257,2276.550049,2240.050049,2252.850098,2145.386719,2895164
21-08-2020,2260,2271,2241.050049,2248.600098,2141.339355,1975294
24-08-2020,2250.600098,2259.949951,2230,2248.100098,2140.863037,2167966
25-08-2020,2245,2250,2233.550049,2242.649902,2135.67334,1663419
26-08-2020,2242,2259.899902,2216.449951,2253.5,2146.005127,2618149
27-08-2020,2266,2287.350098,2241.75,2248.399902,2141.148682,3579393
28-08-2020,2268.399902,2279.949951,2235.100098,2238.550049,2131.768555,2941136
31-08-2020,2240,2276.199951,2228,2257.25,2149.576904,6018154
01-09-2020,2269,2278,2241.300049,2246.350098,2139.196289,3610908
02-09-2020,2247,2268.75,2241.649902,2265.149902,2157.099609,2084137
03-09-2020,2268,2324,2268,2299.5,2189.811035,4654146
04-09-2020,2275,2324.25,2262.949951,2288.800049,2179.621582,5231303
07-09-2020,2289,2343.5,2283.350098,2327.050049,2216.047363,4620401
08-09-2020,2335.949951,2390.449951,2327.050049,2348.199951,2236.188232,7453998
09-09-2020,2325,2359,2320,2327.649902,2216.618164,3866535
10-09-2020,2335,2348.5,2324.300049,2331.149902,2219.951172,2308813
11-09-2020,2330.949951,2383,2330.149902,2374.100098,2260.852783,4145424
14-09-2020,2384.100098,2505.75,2381.850098,2491.399902,2372.557617,7512131
15-09-2020,2491.399902,2538,2464.600098,2491.399902,2372.557617,7318770
16-09-2020,2488.949951,2507.600098,2477.300049,2503,2383.604004,3074003
17-09-2020,2480,2495.75,2450.600098,2460.949951,2343.559814,4828176
18-09-2020,2485,2500.399902,2436.399902,2449.899902,2333.036865,4183256
21-09-2020,2465,2504.899902,2452.149902,2465.300049,2347.702637,4598809
22-09-2020,2485,2555,2458,2522.949951,2402.602295,7499613
23-09-2020,2510,2519.850098,2409,2467.449951,2349.749512,7502280
24-09-2020,2450,2450,2302.600098,2332.25,2220.999023,8424708
25-09-2020,2368,2440,2352.100098,2422.300049,2306.753418,8228267
28-09-2020,2440,2444,2366,2426.300049,2310.562744,4347166
29-09-2020,2434.850098,2511.050049,2426.300049,2488.399902,2369.700684,6995811
30-09-2020,2489,2505,2460,2492.300049,2373.414307,3917166
01-10-2020,2510,2540,2492.300049,2523.449951,2403.078613,2610337
05-10-2020,2620,2728.100098,2603.050049,2705.800049,2576.730469,17412105
06-10-2020,2736,2736,2650.100098,2714.300049,2584.824707,9846367
07-10-2020,2742,2770,2703,2735.949951,2605.442139,9656101
08-10-2020,2800,2885,2800,2825.699951,2690.910889,19839329
09-10-2020,2810,2829.850098,2780,2812.949951,2678.769043,7739245
12-10-2020,2815.5,2854,2800.75,2830,2695.005371,4623203
13-10-2020,2845,2854.899902,2812.199951,2826.550049,2691.719971,4209878
14-10-2020,2842,2842,2787.550049,2809.600098,2686.986328,4395936
15-10-2020,2811,2827.75,2727,2740.600098,2620.997559,6629355
16-10-2020,2750.100098,2771.649902,2731.300049,2763.300049,2642.707031,5273773
19-10-2020,2774,2774,2706.600098,2711.550049,2593.215576,3331194
20-10-2020,2725,2759.899902,2717.949951,2739,2619.467285,3406273
21-10-2020,2739,2749,2663.050049,2675.399902,2558.643311,4570143
22-10-2020,2661,2686.649902,2638.100098,2671.149902,2554.578369,5262294
23-10-2020,2687.800049,2702,2670.100098,2686.800049,2569.545166,3499091
26-10-2020,2689.949951,2709.949951,2670.5,2688.199951,2570.884277,2672752
27-10-2020,2699.75,2718.149902,2624.100098,2630.149902,2515.367432,3537502
28-10-2020,2650,2655.949951,2606,2622.199951,2507.764648,3569445
29-10-2020,2608,2655,2600.25,2632.649902,2517.758301,3105968
30-10-2020,2636.100098,2674.350098,2621.600098,2664.850098,2548.553467,3427003
02-11-2020,2660,2664.850098,2600.050049,2604.600098,2490.933105,2571196
03-11-2020,2604,2665,2601.050049,2633.600098,2518.667236,2879269
04-11-2020,2610,2721.850098,2610,2653.149902,2537.364258,4893928
05-11-2020,2685,2710,2667,2685.699951,2568.493164,2816502
06-11-2020,2699,2713.25,2681.300049,2707.449951,2589.294434,3884421
09-11-2020,2731.100098,2744,2695.100098,2726.600098,2607.608643,3646592
10-11-2020,2697.199951,2713.149902,2638.350098,2649.600098,2533.96875,4760020
11-11-2020,2667.949951,2692.800049,2643.399902,2687.800049,2570.501953,3242441
12-11-2020,2686,2713,2661.75,2671.050049,2554.482666,2437505
13-11-2020,2655.75,2664.899902,2636,2656.850098,2540.902344,2548093
14-11-2020,2677.949951,2689,2660.050049,2670.350098,2553.813721,298819
17-11-2020,2695,2695,2650.050049,2666.050049,2549.700928,2827273
18-11-2020,2661,2664.199951,2607.050049,2626.649902,2512.020264,2893762
19-11-2020,2637,2676.149902,2630.850098,2636.899902,2521.822998,4167501
20-11-2020,2655,2676,2627.550049,2660.25,2544.154053,2711471
23-11-2020,2690,2730,2665,2724.25,2605.36084,3706418
24-11-2020,2734.399902,2743,2705,2722.050049,2603.257324,3120516
25-11-2020,2729,2732.949951,2688.199951,2701.300049,2583.412842,3302249
26-11-2020,2686,2730.949951,2680,2720.600098,2601.870361,2341099
27-11-2020,2705,2717.699951,2669.050049,2679.649902,2562.707031,6086808
01-12-2020,2679,2735.899902,2624.449951,2726.800049,2607.800049,3605017
02-12-2020,2719,2754.699951,2702.449951,2749.550049,2629.556885,2509032
03-12-2020,2773.899902,2773.899902,2700.800049,2709.449951,2591.206787,2852548
04-12-2020,2710.800049,2738.850098,2699,2727.550049,2608.517334,2686527
07-12-2020,2715,2744,2706.149902,2737.699951,2618.224365,1996400
08-12-2020,2740,2805.550049,2732.449951,2797.300049,2675.2229,4277818
09-12-2020,2815,2840,2793.149902,2810.800049,2688.134033,3659996
10-12-2020,2818,2827.300049,2780.25,2784.300049,2662.790527,2127801
11-12-2020,2792.699951,2807.699951,2764.550049,2783.600098,2662.121094,1795408
14-12-2020,2802,2804,2756.25,2797.699951,2675.605957,2483658
15-12-2020,2786,2794.699951,2755,2761.550049,2641.033203,2365509
16-12-2020,2779,2819.800049,2760.449951,2814.199951,2691.385498,2565149
17-12-2020,2811,2853.699951,2805,2838.199951,2714.338379,2863460
18-12-2020,2868,2898,2846.199951,2861,2736.143311,6076692
21-12-2020,2861,2886.5,2785,2820.149902,2697.075684,2705195
22-12-2020,2834,2883.649902,2818.649902,2872.5,2747.141357,2881737
23-12-2020,2876.050049,2919,2865.449951,2908.75,2781.809326,2790988
24-12-2020,2909,2921.350098,2883.199951,2909.350098,2782.383545,1807144
28-12-2020,2910,2949.699951,2902,2929.399902,2801.557861,2108994
29-12-2020,2920,2952,2920,2930.5,2802.609863,1994151
30-12-2020,2934.399902,2947.699951,2902,2909.300049,2782.335205,2637968
31-12-2020,2900,2905,2845,2862.75,2737.81665,4040956
01-01-2021,2880,2940,2879,2928.25,2800.458496,2681440
04-01-2021,2950,3050.75,2940.949951,3039.449951,2906.80542,5113293
05-01-2021,3039.600098,3114.25,3039.600098,3093,2958.018555,5801309
06-01-2021,3100,3113.5,3037.199951,3051.5,2918.329834,3726716
07-01-2021,3075,3080.850098,3000.25,3032.800049,2900.445313,3717827
08-01-2021,3090,3128,3060,3120.899902,2984.700439,5879039
11-01-2021,3230,3230,3146.550049,3176.449951,3037.82666,9508039
12-01-2021,3176.449951,3210,3150,3174.850098,3036.296875,3611458
13-01-2021,3175,3177,3126.25,3158.949951,3021.090576,3572801
14-01-2021,3155,3266.5,3120.399902,3250.699951,3114.752441,6931542
15-01-2021,3235,3274,3210,3233.350098,3098.128174,4131692
18-01-2021,3250,3256.75,3187.399902,3221.75,3087.012939,4160906
19-01-2021,3233,3279,3232,3260.699951,3124.334229,2975735
20-01-2021,3270,3327.949951,3267.100098,3308.800049,3170.422607,3453446
21-01-2021,3305,3309.149902,3262.100098,3273.850098,3136.93457,2778546
22-01-2021,3241.899902,3325,3241.899902,3303.100098,3164.960938,3052459
25-01-2021,3308.949951,3339.800049,3278.649902,3291.300049,3153.654297,2272887
27-01-2021,3300,3306.449951,3227,3261.050049,3124.669434,2786662
28-01-2021,3230,3275,3183.800049,3196.550049,3062.867188,3083938
29-01-2021,3210.050049,3216.850098,3100,3111.350098,2981.230469,5445659
01-02-2021,3100,3165,3044.100098,3139.350098,3008.059082,3985846
02-02-2021,3174,3224,3150,3203.449951,3069.478271,2881837
03-02-2021,3213,3236,3162.649902,3200.050049,3066.220459,2505866
04-02-2021,3216.050049,3237.850098,3176,3188.449951,3055.105957,2057261
05-02-2021,3198.949951,3205.850098,3129,3157.949951,3025.881104,2366135
08-02-2021,3189.5,3226,3155.149902,3214.100098,3079.683105,2526592
09-02-2021,3195,3245.800049,3164,3176.899902,3044.038818,2658751
10-02-2021,3185,3219.399902,3157.300049,3213.300049,3078.916504,2127983
11-02-2021,3215,3219.300049,3185.050049,3206,3071.921387,1165882
12-02-2021,3184.199951,3245.5,3182,3190.800049,3057.357422,2777404
15-02-2021,3209,3209,3131.550049,3139.850098,3008.53833,2630853
16-02-2021,3150,3167.649902,3100,3108.800049,2978.786621,3435770
17-02-2021,3105.100098,3132.850098,3045.550049,3073.100098,2944.580078,3678426
18-02-2021,3065,3097.899902,3031,3057.350098,2929.48877,4189909
19-02-2021,3058,3087.149902,3016.149902,3071.850098,2943.382324,3725028
22-02-2021,3096,3096,2943.149902,2958.449951,2834.724365,5366696
23-02-2021,2970,3028,2968,2980.199951,2855.564697,3832829
24-02-2021,2972,3003.350098,2921.149902,2948.100098,2824.807617,3774549
25-02-2021,2974,3029.899902,2968.449951,2995.300049,2870.033203,4224073
26-02-2021,2960,2972.350098,2880,2894.300049,2773.257813,5553153
01-03-2021,2926,2965,2901.800049,2924.199951,2801.906982,3265871
02-03-2021,2960,3025,2948,3006.350098,2880.621094,3306469
03-03-2021,3035,3064,2996.899902,3059.100098,2931.165039,3509857
04-03-2021,3023,3081.449951,3016.050049,3049.699951,2922.157959,3916760
05-03-2021,3016.100098,3063.199951,2996.600098,3008.050049,2882.25,3203686
08-03-2021,3016,3033,2996,3006.949951,2881.195801,2003125
09-03-2021,3006.949951,3066.899902,2992.100098,3050.949951,2923.355957,1942397
10-03-2021,3075,3093.199951,3060,3070.949951,2942.519531,3053778
12-03-2021,3075,3117,3041.350098,3057.949951,2930.063477,2938317
15-03-2021,3041,3099,3041,3066.149902,2937.92041,3097083
16-03-2021,3060,3141,3060,3110.050049,2979.984375,4894756
17-03-2021,3105,3155,3085.300049,3112.949951,2982.762695,3838390
18-03-2021,3125.949951,3146.449951,2987.050049,3036.5,2909.510254,3656306
19-03-2021,3030,3099,3005,3050.199951,2922.637207,5776626
22-03-2021,3048.699951,3139.449951,3018.649902,3129.649902,2998.764404,2821646
23-03-2021,3140,3169,3122.850098,3142.600098,3011.173584,3305973
24-03-2021,3111.199951,3152.300049,3111.149902,3121.100098,2990.572266,2207104
25-03-2021,3112.199951,3130.850098,3050,3064.850098,2936.674805,3179786
26-03-2021,3090.649902,3118,3043.050049,3066.800049,2938.543213,3697370
30-03-2021,3083,3188.449951,3060.899902,3158.550049,3026.456299,4694008
31-03-2021,3155,3205,3132,3177.850098,3044.949463,3530069
01-04-2021,3191.100098,3215,3145,3165,3032.636719,4285076
05-04-2021,3171,3263,3151,3238.899902,3103.445801,5317862
06-04-2021,3275,3275,3230,3264.699951,3128.166992,2291562
07-04-2021,3259,3277.550049,3234.800049,3271.399902,3134.586426,2491268
08-04-2021,3270,3335,3266.050049,3317.350098,3178.615479,2578118
09-04-2021,3354,3354.350098,3308,3322.25,3183.310059,2911129
12-04-2021,3322.25,3338.100098,3213.199951,3246.550049,3110.775879,3791828
13-04-2021,3214,3214,3073.050049,3104.050049,2974.235596,8654596
15-04-2021,3160.300049,3237.25,3087.449951,3218.949951,3084.330078,6062760
16-04-2021,3229,3247,3182.600098,3195.149902,3061.525146,3224657
19-04-2021,3169,3189,3135.100098,3161.800049,3029.570557,2679106
20-04-2021,3225,3225.350098,3126.350098,3144.550049,3013.041992,3141893
22-04-2021,3148,3148,3105.25,3118.800049,2988.368408,1988980
23-04-2021,3105,3119,3091.050049,3109.5,2979.45752,1615309
26-04-2021,3102.050049,3153,3088.050049,3100.800049,2971.121094,2490260
27-04-2021,3106,3136.100098,3103,3132,3001.016846,1471417
28-04-2021,3149.949951,3151,3112,3124.100098,2993.446777,1639037
29-04-2021,3145.600098,3157.350098,3105.5,3115.25,2984.967285,1621395
30-04-2021,3099,3132.050049,3020,3035.649902,2908.695801,3072305
03-05-2021,3024.899902,3055,3004,3037,2909.989502,1545831
04-05-2021,3062.800049,3090,3035,3049.75,2922.206055,1990777
05-05-2021,3070,3099.399902,3052.399902,3095.699951,2966.234619,1939289
06-05-2021,3105.5,3134,3074,3111.449951,2981.325928,1791671
07-05-2021,3133,3159.850098,3111.800049,3132.899902,3001.878906,1912540
10-05-2021,3145.949951,3164.199951,3125,3145.5,3013.952148,2137153
11-05-2021,3125,3128.100098,3091.149902,3122.600098,2992.01001,2415625
12-05-2021,3120,3120,3070.600098,3087.600098,2958.473877,1978558
14-05-2021,3098.5,3098.5,3040,3051.5,2923.883301,2043935
17-05-2021,3055,3075.199951,3036,3069.75,2941.369873,2890462
18-05-2021,3100,3124,3078,3088.800049,2959.623291,2098538
19-05-2021,3084,3118,3067.100098,3082,2953.107422,1986041
20-05-2021,3067.100098,3088.800049,3052.100098,3060,2932.027344,2329027
21-05-2021,3061,3088.199951,3055.100098,3080.5,2951.67041,1685566
24-05-2021,3081.5,3105,3072,3081.5,2952.628662,1652260
25-05-2021,3092,3128.25,3082.100098,3114,2998.364746,1841613
26-05-2021,3120,3165,3103.800049,3158.5,3041.211914,1923753
27-05-2021,3161.949951,3217.75,3161.800049,3180,3061.913574,5959785
28-05-2021,3189.5,3198,3135.649902,3143.600098,3026.865234,1763701
31-05-2021,3150,3170.350098,3128.600098,3159.149902,3041.837891,1652799
01-06-2021,3168.600098,3169.949951,3132,3153,3035.916504,1377441
02-06-2021,3150.850098,3159.449951,3115,3129.449951,3013.240723,2240078
03-06-2021,3154.550049,3154.550049,3122.649902,3141.25,3024.602539,1281706
04-06-2021,3128,3156.850098,3125,3143.75,3027.009766,1836060
07-06-2021,3145,3190.449951,3133.600098,3183.199951,3064.994873,2559821
08-06-2021,3198,3231,3187.199951,3200.149902,3081.315186,2574057
09-06-2021,3202,3220,3186.199951,3200.25,3081.411621,1710925
10-06-2021,3210,3224,3193,3216.800049,3097.347168,1874324
11-06-2021,3211.550049,3309,3211,3273.800049,3152.230713,3452954
14-06-2021,3279,3308.699951,3270.350098,3276.350098,3154.685791,1847360
15-06-2021,3298,3298,3251.550049,3262.75,3141.590576,1304985
16-06-2021,3262.100098,3294.699951,3253,3274.350098,3152.760254,1635552
17-06-2021,3265.5,3336.050049,3260,3317.75,3194.54834,2273413
18-06-2021,3350.899902,3358,3275,3297.300049,3174.85791,3380431
21-06-2021,3265,3286,3251.699951,3273.100098,3151.556641,1130569
22-06-2021,3304,3327.050049,3285,3301.199951,3178.613281,1708688
23-06-2021,3329,3329,3256.399902,3261.399902,3140.290771,1467104
24-06-2021,3284,3383,3278.5,3373.600098,3248.324707,4155204
25-06-2021,3375.25,3399.649902,3350,3380.800049,3255.257324,2722861
28-06-2021,3391.5,3391.5,3333,3336.75,3212.842773,1355238
29-06-2021,3342,3366.300049,3326.5,3340.850098,3216.790527,1497322
30-06-2021,3346,3382,3338.5,3345.75,3221.508545,1693146
01-07-2021,3358,3362,3332.350098,3341.5,3217.416748,990310
02-07-2021,3331,3339.699951,3295.199951,3325.449951,3201.962402,1682274
05-07-2021,3342,3374,3302,3321,3197.677734,1972858
06-07-2021,3313,3328,3256.100098,3262.300049,3141.157715,2159420
07-07-2021,3275,3282.699951,3241.600098,3274.949951,3153.337891,2640710
08-07-2021,3298,3298,3231.899902,3258.5,3137.498535,2485811
09-07-2021,3250,3282,3201,3208.149902,3089.018555,6365067
12-07-2021,3235,3236,3188.350098,3193.100098,3074.527344,1892226
13-07-2021,3214,3214,3175,3187.550049,3069.18335,1809339
14-07-2021,3187,3222,3185,3214.550049,3095.180664,2044279
15-07-2021,3227.600098,3231.850098,3194,3202.949951,3090.741699,2232968
16-07-2021,3213,3219.850098,3192,3194.800049,3082.877441,1256526
19-07-2021,3180,3199.800049,3176,3184.600098,3073.034424,1597058
20-07-2021,3184.600098,3215,3156.149902,3205.800049,3093.491699,1811945
22-07-2021,3190,3224.949951,3190,3216.350098,3103.672363,2859334
23-07-2021,3230,3241.550049,3206.649902,3212.850098,3100.29541,1776193
26-07-2021,3200,3224.25,3190.850098,3197.550049,3085.531006,1259611
27-07-2021,3200,3210,3161.149902,3182.949951,3071.442627,1121367
28-07-2021,3188,3204.449951,3132.399902,3197.800049,3085.772217,1660654
29-07-2021,3200.25,3225.449951,3190.300049,3195.800049,3083.842285,1731997
30-07-2021,3219,3223.5,3162.350098,3167.449951,3056.485352,2999943
02-08-2021,3180,3224.899902,3167,3219.399902,3106.615479,2608669
03-08-2021,3229,3290,3218.949951,3284.899902,3169.820801,3804735
04-08-2021,3300,3305.199951,3261.199951,3273.949951,3159.254639,2929598
05-08-2021,3275,3315,3262.5,3283.949951,3168.904053,2534521
06-08-2021,3272.550049,3324,3265,3309.800049,3193.848877,2292362
09-08-2021,3323.899902,3337,3310,3322.699951,3206.296631,1510489
10-08-2021,3315.600098,3349.899902,3315.600098,3333.899902,3217.104004,2040777
11-08-2021,3350,3360,3327.100098,3344.199951,3227.043701,1929707
12-08-2021,3326,3368,3326,3351.75,3234.328857,1310205
13-08-2021,3360.75,3480,3357.5,3463.399902,3342.067627,4363584
16-08-2021,3460,3494.350098,3436.5,3472.949951,3351.282959,2083489
17-08-2021,3482.100098,3560.800049,3463,3553.050049,3428.576904,4336019
18-08-2021,3573.850098,3595,3536.600098,3560.550049,3435.813965,2631309
20-08-2021,3506,3575,3500,3559.5,3434.801025,2836148
23-08-2021,3580,3673,3561.899902,3637.399902,3509.97168,3744176
24-08-2021,3657,3667.350098,3594.399902,3613.199951,3486.619873,2511141
25-08-2021,3610,3697.75,3607.050049,3659,3530.815186,2123263
26-08-2021,3660,3687.600098,3647.899902,3671.850098,3543.215576,1902533
27-08-2021,3666,3729.5,3651.100098,3720.149902,3589.822998,3944728
30-08-2021,3715,3740.350098,3687.600098,3701.300049,3571.633301,2033114
31-08-2021,3709.399902,3804.100098,3703.449951,3786.449951,3653.800049,3207480
01-09-2021,3796,3816.699951,3707,3714.949951,3584.805176,2643336
02-09-2021,3734,3859.149902,3722,3836.75,3702.338135,3403717
03-09-2021,3825,3856.899902,3804.550049,3842.050049,3707.452148,1746812
06-09-2021,3849.699951,3877.600098,3814,3852,3717.053955,1723693
07-09-2021,3864,3869.949951,3808.25,3815.899902,3682.218506,1585039
08-09-2021,3810,3815,3756,3774.149902,3641.930664,4147175
09-09-2021,3789.699951,3808.699951,3765,3791.399902,3658.576904,1441148
13-09-2021,3767,3852.399902,3767,3845.350098,3710.636719,1691473
14-09-2021,3849.949951,3896.5,3825,3885.899902,3749.766357,1991188
15-09-2021,3882.100098,3980,3866,3954.550049,3816.01123,2461369
16-09-2021,3930,3981.75,3892.100098,3903.300049,3766.556641,2946666
17-09-2021,3920,3945,3805,3827.850098,3693.75,6477148
20-09-2021,3809,3871,3807.850098,3823.5,3689.552246,2002008
21-09-2021,3858,3871.550049,3821.649902,3862.949951,3727.620117,1568129
22-09-2021,3862.5,3896.850098,3852.449951,3862.149902,3726.848389,1744067
23-09-2021,3870,3879,3835,3869.25,3733.699463,2003869
24-09-2021,3890,3944.399902,3855,3871.300049,3735.677734,2320754
27-09-2021,3900,3904,3802.899902,3836.949951,3702.531006,1673362
28-09-2021,3850,3850,3751.25,3779.149902,3646.756104,2253075
29-09-2021,3759.800049,3806,3722.149902,3791.899902,3659.059082,2489161
30-09-2021,3805,3805,3750.100098,3775.550049,3643.281982,2252412
01-10-2021,3781.75,3810,3725,3730.199951,3599.520752,1578374
04-10-2021,3724.800049,3783.649902,3707.449951,3773.300049,3641.11084,1356860
05-10-2021,3754,3840,3741.600098,3833.300049,3699.009033,1877966
06-10-2021,3836,3857.449951,3795,3810.899902,3677.393555,1678154
07-10-2021,3830,3899,3820.050049,3892.899902,3756.520508,1647233
08-10-2021,3925,3989.899902,3900,3935.649902,3797.772949,2934339
11-10-2021,3755,3757.5,3660,3685.600098,3556.483398,11845402
12-10-2021,3706,3707,3630.600098,3652.850098,3524.880859,5752877
13-10-2021,3650,3675.449951,3645,3655.199951,3527.148438,3545655
14-10-2021,3625,3670,3608.199951,3611.449951,3491.617676,6442299
18-10-2021,3603.449951,3652.699951,3601.449951,3647.149902,3526.133301,3590107
19-10-2021,3669,3690.100098,3625.199951,3634.149902,3513.564453,3135441
20-10-2021,3612,3630,3578.300049,3608.850098,3489.104248,2933693
21-10-2021,3604.100098,3607.449951,3511.25,3532.5,3415.287354,4871211
22-10-2021,3560,3561.600098,3485,3498.850098,3382.75415,2691670
25-10-2021,3503,3514.550049,3450,3492.949951,3377.049805,2595594
26-10-2021,3494.5,3529,3475,3482.600098,3367.043457,3878763
27-10-2021,3483,3511.25,3483,3489.75,3373.956055,2510813
28-10-2021,3518,3518,3415,3421.649902,3308.115479,2424942
29-10-2021,3400.050049,3461,3385.949951,3397.75,3285.008789,3960501
01-11-2021,3437.949951,3487,3412.949951,3476.399902,3361.048828,2020718
02-11-2021,3494,3513.600098,3469.75,3484.199951,3368.589844,3087414
03-11-2021,3504.199951,3519.899902,3466.050049,3492.25,3376.373047,1537639
04-11-2021,3512.949951,3513.25,3505,3508.649902,3392.228516,328991
08-11-2021,3548,3548,3481.199951,3502.75,3386.524414,2526082
09-11-2021,3508,3535,3496,3505.699951,3389.376221,1782692
10-11-2021,3498,3519.699951,3480.199951,3484.300049,3368.687012,1516489
11-11-2021,3480,3510.050049,3436,3488.199951,3372.457031,1284514
12-11-2021,3506,3534.149902,3485.699951,3526.050049,3409.051514,1747259
15-11-2021,3528,3569.600098,3528,3553.300049,3435.397217,1809157
16-11-2021,3569,3575.550049,3542,3556.399902,3438.394043,2013204
17-11-2021,3550.600098,3562.850098,3506.399902,3521.899902,3405.039063,1632914
18-11-2021,3515.149902,3520.850098,3451.600098,3475.699951,3360.37207,2136598
22-11-2021,3478.399902,3515.949951,3440.300049,3458.399902,3343.645996,3167936
23-11-2021,3445,3480.949951,3407.800049,3464.25,3349.302246,2153461
24-11-2021,3472.199951,3493.050049,3424,3443.300049,3329.047119,2161746
25-11-2021,3443.899902,3463,3434.050049,3445.899902,3331.560791,1849619
26-11-2021,3425,3490,3411.899902,3446.850098,3332.479492,1941251
29-11-2021,3447.149902,3529.350098,3406.449951,3502,3385.799561,2981745
30-11-2021,3491,3563.75,3491,3529.149902,3412.04834,5588446
01-12-2021,3535,3590,3535,3577.800049,3459.084473,2102118
02-12-2021,3589.199951,3648,3574.100098,3642.899902,3522.02417,3152938
03-12-2021,3646.449951,3665.949951,3630.850098,3640.449951,3519.655518,2486263
06-12-2021,3640.449951,3658,3522,3536.399902,3419.057617,1849642
07-12-2021,3562.5,3598,3524.300049,3584.5,3465.562256,1484458
08-12-2021,3601,3646.449951,3601,3626.899902,3506.555176,1428660
09-12-2021,3610,3634.75,3566,3601.75,3482.239502,1567957
10-12-2021,3585,3642,3575.100098,3636.800049,3516.126709,1510718
13-12-2021,3650,3662,3601.699951,3609.649902,3489.877197,1883864
14-12-2021,3605,3635,3576.699951,3623.800049,3503.55835,1747007
15-12-2021,3620,3623,3558.149902,3570.350098,3451.881592,1603233
16-12-2021,3582,3608.449951,3570,3581.600098,3462.758301,2072320
17-12-2021,3602.5,3651.350098,3573.699951,3584.350098,3465.417236,4333992
20-12-2021,3589,3606,3510.149902,3556.899902,3438.877686,2312310
21-12-2021,3582.649902,3641.199951,3566.399902,3608.300049,3488.57251,2340989
22-12-2021,3624,3636.800049,3606.25,3630.75,3510.277344,1224328
23-12-2021,3648,3670.5,3630,3662.699951,3541.166992,1792861
24-12-2021,3685,3705,3644.800049,3670.899902,3549.094971,2209923
27-12-2021,3671,3700,3653.100098,3696.100098,3573.458984,1534135
28-12-2021,3710,3725,3693.850098,3706.550049,3583.562256,1456218
29-12-2021,3692.25,3719.949951,3685,3694.699951,3572.105469,1456923
30-12-2021,3681.350098,3740,3680,3733.75,3609.859863,1966475
31-12-2021,3742.800049,3760,3731.300049,3738.350098,3614.307129,1207141
